{
  "display": {
    "icon": {
      "id": "minecraft:sponge"
    },
    "title": {
      "translate": "advancements.mob-ai-tweaks.never_let_your_guard_down.title"
    },
    "description": {
      "translate": "advancements.mob-ai-tweaks.never_let_your_guard_down.description"
    },
    "frame": "goal",
    "show_toast": true,
    "announce_to_chat": true,
    "hidden": false
  },
  "parent": "mob-ai-tweaks:prison_of_elders",
  "criteria": {
    "requirement": {
      "trigger": "minecraft:player_killed_entity",
      "conditions": {
        "entity": {
          "type": "minecraft:elder_guardian"
        }
      }
    }
  },
  "rewards": {
    "loot": [
      "minecraft:entities/elder_guardian",
      "minecraft:blocks/conduit"
    ],
    "experience": 150
  }
}
