{
	"schemaVersion": 1,
	"id": "mob-ai-tweaks",
	"version": "1.3.2",
	"name": "Mob AI Tweaks",
	"description": "Tweaks certain mob AIs and reworks the Wither and Ender Dragon",
	"authors": [
		"n0t_UN_Owen/NotUnaNancyOwen"
	],
	"contact": {
		"homepage": "https://www.curseforge.com/minecraft/mc-mods/mob-ai-tweaks",
		"sources": "https://github.com/FabricMC/fabric-example-mod"
	},
	"license": "CC0-1.0",
	"icon": "assets/mob-ai-tweaks/icon.png",
	"environment": "*",
	"entrypoints": {
		"main": [
			"com.notunanancyowen.MobAITweaks"
		]
	},
	"mixins": [
		"mob-ai-tweaks.mixins.json"
	],
	"depends": {
		"fabricloader": ">=0.15.11",
		"minecraft": "~1.20.1",
		"java": ">=17",
		"fabric-api": "*"
	},
	"suggests": {
		"another-mod": "*"
	}
}