{
  "required": true,
  "package": "com.notunanancyowen.mixin",
  "compatibilityLevel": "JAVA_17",
  "client": [
    "DrownedEntityModelMixin",
    "DrownedEntityRendererMixin",
    "FireworkRocketEntityRendererMixin",
    "GhastEntityRendererMixin",
    "IllagerEntityModelMixin",
    "LivingEntityRendererMixin",
    "PiglinEntityModelMixin",
    "ShulkerBulletEntityRendererMixin",
    "SkeletonEntityModelMixin",
    "WitherEntityModelMixin",
    "WitherEntityRendererMixin",
    "ZombieVillagerEntityModelMixin"
  ],
  "mixins": [
    "AbstractSkeletonEntityMixin",
    "AbstractZombieEntityMixin",
    "ActiveTargetGoalMixin",
    "BlazeEntityMixin",
    "BlazeShootGoalMixin",
    "BoatEntityAccessor",
    "BodyControlMixin",
    "ChickenEntityMixin",
    "DragonFireballEntityMixin",
    "DrownedEntityMixin",
    "ElderGuardianEntityMixin",
    "EnderDragonChargePlayerMixin",
    "EnderDragonEntityMixin",
    "EnderDragonFightMixin",
    "EnderDragonFlamingMixin",
    "EnderDragonHoldPatternMixin",
    "EnderDragonLandingApproachMixin",
    "EnderDragonSitAttackMixin",
    "EnderDragonStrafePlayerMixin",
    "EnderDragonTakeOffMixin",
    "EvokerEntityMixin",
    "FireChargeItemMixin",
    "FleeEntityGoalMixin",
    "GhastEntityMixin",
    "GhastShootGoalMixin",
    "IllagerEntityMixin",
    "MeleeAttackGoalMixin",
    "MoveControlMixin",
    "PersistentProjectileEntityMixin",
    "PhantomEntityMixin",
    "PiglinBrainMixin",
    "PiglinEntityMixin",
    "PillagerEntityMixin",
    "RangedAttackGoalMixin",
    "RangedBowAttackGoalMixin",
    "RangedCrossbowAttackGoalMixin",
    "RangedCrossbowAttackTaskMixin",
    "RavagerEntityMixin",
    "ShulkerBulletEntityMixin",
    "SkeletonEntityMixin",
    "SkeletonTrapMixin",
    "SmallFireballEntityMixin",
    "StrayEntityMixin",
    "VexEntityMixin",
    "VillagerEntityMixin",
    "WardenEntityMixin",
    "WardenSonicBoomTask",
    "WitherEntityMixin",
    "WitherSkeletonEntityMixin",
    "WitherSkullEntityMixin",
    "ZombieVillagerEntityMixin",
    "ZombifiedPiglinEntityMixin"
  ],
  "injectors": {
    "defaultRequire": 1
	}
}