{
  "display": {
    "icon": {
      "item": "minecraft:soul_sand"
    },
    "title": {
        "translate": "advancements.mob-ai-tweaks.decade_of_decay.title"
    },
    "description": {
        "translate": "advancements.mob-ai-tweaks.decade_of_decay.description"
    },
    "frame": "goal",
    "show_toast": true,
    "announce_to_chat": true,
    "hidden": false
  },
  "parent": "minecraft:nether/summon_wither",
  "criteria": {
    "requirement": {
      "trigger": "minecraft:player_killed_entity",
      "conditions": {
        "entity": {
          "type": "minecraft:wither"
        }
      }
    }
  },
  "rewards": {
    "loot": [
      "minecraft:blocks/netherite_block"
    ],
    "experience": 150
  }
}
