{
  "display": {
    "icon": {
      "item": "minecraft:prismarine"
    },
    "title": {
      "translate": "advancements.mob-ai-tweaks.prison_of_elders.title"
    },
    "description": {
      "translate": "advancements.mob-ai-tweaks.prison_of_elders.description"
    },
    "frame": "task",
    "show_toast": true,
    "announce_to_chat": true,
    "hidden": false
  },
  "parent": "minecraft:adventure/kill_a_mob",
  "criteria": {
    "hurt_guardian": {
      "trigger": "minecraft:player_hurt_entity",
      "conditions": {
        "entity": {
          "type": "minecraft:elder_guardian"
        }
      }
    },
    "hurt_by_guardian": {
      "trigger": "minecraft:entity_hurt_player",
      "conditions": {
        "damage": {
          "source_entity": {
            "type": "minecraft:elder_guardian"
          }
        }
      }
    }
  },
  "requirements": [
    [
      "hurt_guardian",
      "hurt_by_guardian"
    ]
  ],
  "rewards": {
    "experience": 15
  }
}
