{
  "display": {
    "icon": {
      "item": "minecraft:end_crystal"
    },
    "title": {
      "translate": "advancements.mob-ai-tweaks.unplugged_life_support.title"
    },
    "description": {
      "translate": "advancements.mob-ai-tweaks.unplugged_life_support.description"
    },
    "frame": "challenge",
    "show_toast": true,
    "announce_to_chat": true,
    "hidden": true
  },
  "parent": "minecraft:end/kill_dragon",
  "criteria": {
    "requirement": {
      "trigger": "minecraft:player_killed_entity",
      "conditions": {
        "entity": {
          "type": "minecraft:ender_dragon"
        },
        "killing_blow": {
          "direct_entity": {
            "type": "minecraft:end_crystal"
          }
        }
      }
    }
  },
  "rewards": {
    "loot": [
      "minecraft:blocks/netherite_block"
    ],
    "experience": 150
  }
}
