{
  "display": {
    "icon": {
      "item": "minecraft:sculk_shrieker"
    },
    "title": {
      "translate": "advancements.mob-ai-tweaks.warden_of_nothing.title"
    },
    "description": {
      "translate": "advancements.mob-ai-tweaks.warden_of_nothing.description"
    },
    "frame": "challenge",
    "show_toast": true,
    "announce_to_chat": true,
    "hidden": true
  },
  "parent": "mob-ai-tweaks:tinnitus",
  "criteria": {
    "requirement": {
      "trigger": "minecraft:player_killed_entity",
      "conditions": {
        "entity": {
          "type": "minecraft:warden"
        }
      }
    }
  },
  "rewards": {
    "loot": [
      "minecraft:blocks/netherite_block"
    ],
    "experience": 150
  }
}
